filename,title,source,url,topic,lang,role
Libro INIA N° 03.pdf,"Plagas de cítricos, sus enemigos naturales y manejo",INIA Chile - Colección Libros N° 3,,plagas,es,answerable
Libro INIA N° 04.pdf,Alfalfa en la Zona Centro Sur de Chile,INIA Chile - Colección Libros N° 4,,cultivos,es,answerable
Libro INIA N° 06.pdf,El Nogal en Chile,INIA Chile - Colección Libros N° 6,,fruticultura,es,answerable
Libro INIA N° 12.pdf,Control Biológico de Plagas en Chile: Historia y Avances,INIA Chile - Colección Libros N° 12,,control-biologico,es,answerable
Libro INIA N° 36.pdf,Cultivo del Avellano Europeo en Chile,INIA Chile - Colección Libros N° 36,,fruticultura,es,answerable
Libro INIA N° 37.pdf,Fertilización Fosfatada de Praderas en Suelos Trumaos de la Región de Los Lagos,INIA Chile - Colección Libros N° 37,,suelos,es,answerable
Libro INIA N° 45.pdf,"Agroecología: fundamentos y técnicas de producción, y experiencia en la Región de Los Ríos",INIA Chile - Colección Libros N° 45,,agroecologia,es,answerable
Cartilla-del-suelo-Cómo-reconocer-y-sanar-sus-problemas.pdf,Cartilla del suelo: cómo reconocer y sanar sus problemas,Ana Primavesi - MST/Vía Campesina,,suelos,es,answerable
Cosecha de agua lluvia para enfrentar la escasez de agua en áreas de secano - guía practica campesina.pdf,Cosecha de agua de lluvia para enfrentar la escasez de agua en áreas de secano,Guía práctica campesina - Chile 2015,,agua,es,answerable
NR43250.pdf,Bandas florales como estrategia para atraer fauna auxiliar en producción de hortalizas,INIA Rayentué / INIA Intihuasi,,control-biologico,es,answerable
Crop-Rotation-on-Organic-Farms.pdf,Crop Rotation on Organic Farms: A Planning Manual,Mohler & Johnson (eds.) - SARE/NRAES,,rotacion,en,answerable
Rodale_Farming_Systems_Trial.pdf,The Farming Systems Trial,Rodale Institute,https://rodaleinstitute.org/wp-content/uploads/farming-systems-trial.pdf,organic,en,answerable
FAO_Training_Manual_Organic_Agriculture.pdf,Training Manual for Organic Agriculture,FAO,https://www.fao.org/fileadmin/templates/nr/sustainability_pathways/docs/Compilation_techniques_organic_agriculture_rev.pdf,organic,en,answerable
Koepf_Biodynamic_Agriculture_Introduction.pdf,Bio-Dynamic Agriculture: An Introduction,Herbert H. Koepf,https://considera.org/downloads/KoepfBDagricultureAnIntro.pdf,biodynamics,en,answerable
BDA_Biodynamics_Promising_Road.pdf,Biodynamics: A Promising Road to Tomorrow's Sustainable Agriculture,Biodynamic Association UK,https://www.biodynamic.org.uk/wp-content/uploads/Biodynamics-A-promising-road-to-tomorrows-sustainable-agriculture.pdf,biodynamics,en,answerable
FAO_Rainwater_Harvesting_Caribbean.pdf,Compendium on Rainwater Harvesting for Agriculture in the Caribbean,FAO,https://www.fao.org/3/br326e/br326e.pdf,water,en,answerable
UMCA_Forest_Gardens_Training_Manual.pdf,"Forest Gardens (Agroforestry Training Manual, ch. 8)",UMCA Center for Agroforestry,https://centerforagroforestry.org/wp-content/uploads/2025/05/Chapter-8-Forest-Gardens-Agroforestry-Training-Manual-2025.pdf,agroforestry,en,answerable
FAO_Forage_Crops_Pasture_Rangelands.pdf,"Plant Genetic Resources of Forage Crops, Pasture and Rangelands",FAO,https://www.fao.org/fileadmin/templates/agphome/documents/PGR/SoW2/thematicstudy_forage.pdf,livestock,en,answerable
INIA_Manual_Produccion_Leche.pdf,Manual de Producción de Leche para Pequeños y Medianos Productores,INIA / INDAP,https://www.promagra.cl/Docs/Fichas_INIA/Manual_leche.pdf,livestock,es,answerable
FAO_Sustainable_Potato_Production.pdf,Sustainable Potato Production: Guidelines for Developing Countries,FAO,https://www.fao.org/4/i1127e/i1127e.pdf,crops,en,answerable
CIP_Seed_Potato_Aeroponics.pdf,Manual on Quality Seed Potato Production Using Aeroponics,International Potato Center (CIP),https://cipotato.org/wp-content/uploads/2014/08/005447.pdf,crops,en,answerable
CIMMYT_Maize_Hybrid_Seed_Production_Manual.pdf,Maize Hybrid Seed Production Manual,CIMMYT,https://excellenceinbreeding.org/sites/default/files/manual/98078.pdf,crops,en,answerable
FAO_Fertilizer_Plant_Nutrition_Bulletin16.pdf,Fertilizer and Plant Nutrition Bulletin 16: Integrated Nutrient Management,FAO,https://www.fao.org/3/a0443e/a0443e.pdf,nutrition,en,answerable
FAO_Guide_Efficient_Plant_Nutrition.pdf,Guide to Efficient Plant Nutrition Management,FAO,https://vtechworks.lib.vt.edu/bitstreams/2bc4c1e1-aed4-4e5d-beb6-6d555cb49319/download,nutrition,en,answerable
Plant_Bacterial_Disease_Management_Part1.pdf,Plant Bacterial Disease Management (Part 1),Phytobacteriology,https://www.phytobacteriology.com/files/Plant-Bacterial-Disease-Management-Part1.pdf,disease,en,answerable
FAO_OnFarm_Composting_Methods.pdf,On-Farm Composting Methods,FAO / NRAES (OSU mirror),https://smallfarms.oregonstate.edu/sites/agscid7/files/on_farm_comp_methods.pdf,compost,en,answerable
FAO_Frost_Protection_Fundamentals.pdf,"Frost Protection: Fundamentals, Practice and Economics",FAO,https://www.fao.org/4/y7223e/y7223e00.pdf,agroclimatology,en,answerable
FAO_Economics_for_Farm_Management.pdf,Economics for Farm Management Extension,FAO,https://www.fao.org/4/i3228e/i3228e.pdf,economics,en,answerable
FAO_Managing_Risk_in_Farming.pdf,Managing Risk in Farming,FAO (Kahan),https://www.fao.org/uploads/media/3-ManagingRiskInternLores.pdf,economics,en,answerable
FAO_Farm_Management_Extension_Guide.pdf,Farm Management Extension Guide,FAO,https://www.fao.org/4/i0411e/i0411e.pdf,economics,en,answerable
CL_Ley_21435_Reforma_Codigo_Aguas.pdf,Ley 21.435 - Reforma el Código de Aguas (2022),BCN / DGA Chile,https://dga.mop.gob.cl/uploads/sites/13/2023/07/ley_21435.pdf,legal,es,answerable
CL_Ley_18755_SAG.pdf,Ley 18.755 - Normas sobre el Servicio Agrícola y Ganadero,BCN Chile (FAOLEX),https://faolex.fao.org/docs/pdf/chi50957.pdf,legal,es,answerable
CL_Ley_20089_Certificacion_Organicos.pdf,Ley 20.089 - Certificación de Productos Orgánicos Agrícolas,SAG Chile,https://www.sag.gob.cl/sites/default/files/ley_agricultura_organica_interior.pdf,legal,es,answerable
CL_Ley_19162_Clasificacion_Ganado_Carnes.pdf,Ley 19.162 - Clasificación de ganado y tipificación de carnes,BCN Chile (FAOLEX),https://faolex.fao.org/docs/pdf/chi5567.pdf,legal,es,answerable
CL_Decreto_28_2013_Bienestar_Faenamiento.pdf,Decreto 28/2013 - Protección de animales al momento del beneficio,BCN Chile (FAOLEX),https://faolex.fao.org/docs/pdf/chi161656.pdf,legal,es,answerable
CL_Decreto_977_Reglamento_Sanitario_Alimentos.pdf,Decreto 977/96 - Reglamento Sanitario de los Alimentos (vigente may-2024),MINSAL Chile,https://www.minsal.cl/wp-content/uploads/2015/10/DECRETO_977_96_actualizado_-mayo-2024.pdf,legal,es,answerable
CL_Ley_21179_Etiquetado_Leche.pdf,Ley 21.179 - Etiquetado del tratamiento térmico de la leche,BCN Chile (FAOLEX),https://faolex.fao.org/docs/pdf/chi192259.pdf,legal,es,answerable
CL_CIREN_Manual_Manejo_Ovino.pdf,Manual de manejo ovino,CIREN Chile,https://bibliotecadigital.ciren.cl/server/api/core/bitstreams/dbab580e-babb-4c67-b2c1-57fa2e42d7c3/content,livestock,es,answerable
FAO_SmallScale_Aquaponic_Food_Production_589.pdf,Small-scale Aquaponic Food Production (FAO Tech. Paper 589),FAO,https://openknowledge.fao.org/server/api/core/bitstreams/2ca21047-390f-42cd-bd1d-0c2ebc9c1df2/content,aquaculture,en,answerable
Rudolf Steiner The Agriculture Course(8 Lectures).pdf,The Agriculture Course (8 Lectures),"Rudolf Steiner (public domain, d.1925)",,biodynamics,en,answerable
Bill_Mollison-Permaculture_Design_Course .pdf,Permaculture Design Course (Pamphlet Series),Yankee Permaculture (public domain),,permaculture,en,answerable
Permaculture_in_Humid_Landscapes.pdf,Permaculture in Humid Landscapes,Yankee Permaculture (public domain),,permaculture,en,answerable
From_Agriculture_to_Permaculture.pdf,From Agriculture to Permaculture,Yankee Permaculture (public domain),,permaculture,en,answerable
Esencia_PC_Espanol_eBook.pdf.pdf,La Esencia de la Permacultura,David Holmgren (distribucion libre),,permaculture,es,answerable
An_introduction_to_permaculture_sheet_mulching.pdf,An Introduction to Permaculture Sheet Mulching,open article,,permaculture,en,answerable
Agro-ecología-y-manejo-ecológico-de-suelos.pdf,Agroecología y manejo ecológico de suelos,Ana Primavesi (distribucion libre),,suelos,es,answerable
Manejo-ecológico-del-suelo.pdf,Manejo ecológico del suelo,Ana Primavesi (distribucion libre),,suelos,es,answerable
suelo-y-salud-vegetal-animal-y-humana.pdf,"Suelo y salud vegetal, animal y humana",Ana Primavesi (distribucion libre),,suelos,es,answerable
La replantacion de los cerros aridos de chile.pdf,La replantación de los cerros áridos de Chile,Federico Albert (dominio público),,agroforestry,es,answerable
WorldFish_Integrated_Agri_Aquaculture.pdf,Integrated Agriculture-Aquaculture Systems for Food Security,WorldFish Center,https://digitalarchive.worldfishcenter.org/bitstreams/88746837-e699-4d1f-902d-12284e924d94/download,aquaculture,en,answerable
CL_INIA42_Tukukawe.pdf,Tukukawe: Cultivando con una mirada Labkenche (Libro INIA 42),INIA Chile / CIREN,https://bibliotecadigital.ciren.cl/server/api/core/bitstreams/db8b42a8-3d07-4453-bfe3-24b5342e6146/content,agroecologia,es,answerable
OSU_Training_Pruning_Home_Orchard_PNW400.pdf,Training and Pruning Your Home Orchard (PNW 400),Oregon State University Extension,https://extension.oregonstate.edu/sites/extd8/files/catalog/auto/PNW400.pdf,fruticultura,en,answerable
UGA_Home_Fruit_Orchard_Pruning.pdf,Home Fruit Orchard Pruning Techniques (C-1087),University of Georgia Extension,https://site.extension.uga.edu/laurensgarden/files/2020/01/C-1087_2-Home-Fruit-Orchard-Pruning-Techniques.pdf,fruticultura,en,answerable
ColoradoMG_Tree_Fruits.pdf,Tree Fruits (Master Gardener GardenNotes 770),Colorado State University Extension,https://cmg.extension.colostate.edu/wp-content/uploads/sites/59/2020/01/GN-770-Tree-Fruits.pdf,fruticultura,en,answerable
PennState_Oyster_Mushroom_Cultivation.pdf,Cultivation of Oyster Mushrooms,Penn State,https://www.mushroomcompany.com/resources/oyster/paoyster.pdf,mushrooms,en,answerable
GrowBiointensive_Farming_Gardening.pdf,GROW BIOINTENSIVE Farming and Gardening,Ecology Action (John Jeavons),https://cefs.ncsu.edu/wp-content/uploads/growbiointensive.pdf,horticulture,en,answerable
KState_Hugelkultur.pdf,Hügelkultur: Permaculture Raised Beds,Kansas State University Extension,https://hnr.k-state.edu/extension/horticulture-resource-center/horticulture-newsletter/documents/2024/march2024/Hugelkultur%20template.pdf,permaculture,en,answerable
